<?com.conalryan.com.conalryan.xml version="1.0" encoding="UTF-8" ?>
<stocks>
    <stock symbol="VNET" price="110.10" time="2015-02-10 00:00:01"/>
    <stock symbol="AGTK" price="120.10" time="2015-02-10 00:00:01"/>
    <stock symbol="AKAM" price="3.10" time="2015-02-10 00:00:01"/>
    <stock symbol="AOL"  price="30.10" time="2015-02-10 00:00:01"/>
    <stock symbol="BCOM" price="10.10" time="2015-02-10 00:00:01"/>
    <stock symbol="BIDU" price="10.10" time="2015-02-10 00:00:01"/>
    <stock symbol="BCOR" price="12.10" time="2015-02-10 00:00:01"/>
    <stock symbol="WIFI" price="16.10" time="2015-02-10 00:00:01"/>
    <stock symbol="BRNW" price="0.70" time="2015-02-10 00:00:01"/>
    <stock symbol="CARB" price="9.80" time="2015-02-10 00:00:01"/>
    <stock symbol="JRJC" price="111.11" time="2015-02-10 00:00:01"/>
    <stock symbol="CCIH" price="22.20" time="2015-02-10 00:00:01"/>
    <stock symbol="CHIC" price="4.30" time="2015-02-10 00:00:01"/>
    <stock symbol="CNV"  price="13.43" time="2015-02-10 00:00:01"/>
    <stock symbol="CCOI" price="1.10" time="2015-02-10 00:00:01"/>
    <stock symbol="CNCG" price=".10" time="2015-02-10 00:00:01"/>
    <stock symbol="CXDO" price="90.00" time="2015-02-10 00:00:01"/>
    <stock symbol="CRWG" price="52.99" time="2015-02-10 00:00:01"/>
    <stock symbol="ELNK" price="45.40" time="2015-02-10 00:00:01"/>
    <stock symbol="EATR" price="15.60" time="2015-02-10 00:00:01"/>
    <stock symbol="EDXC" price="18.40" time="2015-02-10 00:00:01"/>
    <stock symbol="ENV"  price="220.61" time="2015-02-10 00:00:01"/>
    <stock symbol="EPAZ" price="101.11" time="2015-02-10 00:00:01"/>
    <stock symbol="FB"   price="500.17" time="2015-02-10 00:00:01"/>
    <stock symbol="FDIT" price="160.90" time="2015-02-10 00:00:01"/>
    <stock symbol="FLPC" price="177.70" time="2015-02-10 00:00:01"/>
    <stock symbol="GCLT" price="8.90" time="2015-02-10 00:00:01"/>
    <stock symbol="GOOG" price="700.10" time="2015-02-10 00:00:01"/>
    <stock symbol="GOOG" price=".10" time="2015-02-10 00:00:01"/>
    <stock symbol="GREZ" price="77.91" time="2015-02-10 00:00:01"/>
    <stock symbol="IACI" price="40.52" time="2015-02-10 00:00:01"/>
    <stock symbol="ICOA" price="48.30" time="2015-02-10 00:00:01"/>
    <stock symbol="IIJI" price="32.80" time="2015-02-10 00:00:01"/>
    <stock symbol="ILIA" price="188.22" time="2015-02-10 00:00:01"/>
    <stock symbol="INAP" price="2.12" time="2015-02-10 00:00:01"/>
    <stock symbol="IPAS" price="1.02" time="2015-02-10 00:00:01"/>
    <stock symbol="JCOM" price="19.99" time="2015-02-10 00:00:01"/>
    <stock symbol="LOGL" price="18.21" time="2015-02-10 00:00:01"/>
    <stock symbol="LLNW" price="45.55" time="2015-02-10 00:00:01"/>
    <stock symbol="LOOK" price="38.90" time="2015-02-10 00:00:01"/>
    <stock symbol="MEET" price="21.27" time="2015-02-10 00:00:01"/>
    <stock symbol="MEET" price="310.31" time="2015-02-10 00:00:01"/>
    <stock symbol="VOIS" price="440.51" time="2015-02-10 00:00:01"/>
    <stock symbol="MOMO" price="8.51" time="2015-02-10 00:00:01"/>
    <stock symbol="NETE" price="13.16" time="2015-02-10 00:00:01"/>
    <stock symbol="NTES" price="14.23" time="2015-02-10 00:00:01"/>
    <stock symbol="EGOV" price="17.35" time="2015-02-10 00:00:01"/>
    <stock symbol="NQ" price="110.77" time="2015-02-10 00:00:01"/>
    <stock symbol="OTOW" price="60.41" time="2015-02-10 00:00:01"/>
</stocks>